{
  "intro-to-agents.md": 1777335995.1509895,
  "token-efficiency.md": 1777335997.1130009
}